{
    "circle": {
      "center": [
        100,
        100
      ],
      "edgePoint": [
        150,
        100
      ]
    },
    "arc": [
      [
        50,
        50
      ],
      [
        100,
        100
      ],
      [
        100,
        0
      ]
    ],
    "ellipse": [
      [
        50,
        100
      ],
      [
        100,
        50
      ],
      [
        150,
        100
      ]
    ],
    "lines": {
      "straight": [
        [
          200,
          200
        ],
        [
          300,
          300
        ]
      ],
      "sine": [
        [
          0,
          150.0
        ],
        [
          30,
          192.0735492403948
        ],
        [
          60,
          195.4648713412841
        ],
        [
          90,
          157.05600040299336
        ],
        [
          120,
          112.15987523460359
        ],
        [
          150,
          102.05378626684308
        ],
        [
          180,
          136.0292250900537
        ],
        [
          210,
          182.84932993593947
        ],
        [
          240,
          199.4679123311691
        ],
        [
          270,
          170.60592426208783
        ]
      ]
    },
    "squareSize": 300
  }